Prix,Titre,Sous-titre,Badge
€ 120,Campus 00s Schuh,Originals,Gratis Personalisierung
Prix,Titre,Sous-titre,Badge
€ 120,Samba OG Schuh,Originals,Gratis Personalisierung
Prix,Titre,Sous-titre,Badge
€ 120,Campus 00s Schuh,Originals,Gratis Personalisierung
Prix,Titre,Sous-titre,Badge
€ 110,Handball Spezial Schuh,Originals,Gratis Personalisierung
Prix,Titre,Sous-titre,Badge
€ 110,Handball Spezial Schuh,Originals,Gratis Personalisierung
Prix,Titre,Sous-titre,Badge
€ 110,SL 72 OG Schuh,Originals,
Prix,Titre,Sous-titre,Badge
€ 110,Handball Spezial Schuh,Originals,Gratis Personalisierung
Prix,Titre,Sous-titre,Badge
€ 60,Breaknet Sleek Schuh,Frauen Sportswear,Gratis Personalisierung
Prix,Titre,Sous-titre,Badge
€ 120,Campus 00s Schuh,Originals,Gratis Personalisierung
Prix,Titre,Sous-titre,Badge
€ 120,Samba OG Schuh,Originals,Gratis Personalisierung
Prix,Titre,Sous-titre,Badge
€ 120,Campus 00s Schuh,Originals,Gratis Personalisierung
