price,title,subtitle,number_of_color,badge,date,url
120,Campus 00s Schuh,Frauen Originals,2 Farben,Gratis Personalisierung,2025-02-10 17:48:35,https://campus-00s-schuh/GY0042.html
23,Aqua adilette,Sportswear,18 Farben,N/A,2025-02-10 17:48:35,https://aqua-adilette/F35543.html
120,Campus 00s Schuh,Originals,12 Farben,Gratis Personalisierung,2025-02-10 17:48:35,https://campus-00s-schuh/JR8163.html
100,F50 League Laceless FG/MG Fußballschuh,Fußball,4 Farben,Neu,2025-02-10 17:48:35,https://f50-league-laceless-fg-mg-fussballschuh/IE1241.html
130,Dropset 3 Schuh,Fitness & Training,11 Farben,N/A,2025-02-10 17:48:35,https://dropset-3-schuh/IH8292.html
110,Handball Spezial Schuh,Originals,12 Farben,Gratis Personalisierung,2025-02-10 17:48:35,https://handball-spezial-schuh/JI2646.html
180,Ultraboost 1.0 Laufschuh,Sportswear,7 Farben,N/A,2025-02-10 17:48:35,https://ultraboost-1.0-laufschuh/IE8976.html
90,F50 League FG/MG Fußballschuh,Fußball,4 Farben,Neu,2025-02-10 17:48:35,https://f50-league-fg-mg-fussballschuh/IE1289.html
110,Handball Spezial Schuh,Originals,12 Farben,Gratis Personalisierung,2025-02-10 17:48:35,https://handball-spezial-schuh/IE5894.html
90,Eastrail 2.0 Wanderschuh,TERREX,3 Farben,N/A,2025-02-10 17:48:35,https://eastrail-2.0-wanderschuh/IH1166.html
110,Handball Spezial Schuh,Originals,15 Farben,Gratis Personalisierung,2025-02-10 17:48:35,https://handball-spezial-schuh/JH5438.html
100,F50 League Laceless FG/MG Fußballschuh,Fußball,4 Farben,Neu,2025-02-10 17:48:35,https://f50-league-laceless-fg-mg-fussballschuh/IE1239.html
65,Grand Court Base 00s Schuh,Sportswear,6 Farben,N/A,2025-02-10 17:48:35,https://grand-court-base-00s-schuh/IH6184.html
180,Ultraboost 1.0 Laufschuh,Sportswear,7 Farben,N/A,2025-02-10 17:48:35,https://ultraboost-1.0-laufschuh/HQ4199.html
90,Campus 00s Schuh,Kinder Originals,14 Farben,Gratis Personalisierung,2025-02-10 17:48:35,https://campus-00s-schuh/JI4461.html
55,Speedcourt IN Schuh,Männer Handball,3 Farben,Gratis Personalisierung,2025-02-10 17:48:35,https://speedcourt-in-schuh/IE8032.html
130,Samba XLG Schuh,Originals,5 Farben,Gratis Personalisierung,2025-02-10 17:48:35,https://samba-xlg-schuh/IE1377.html
55,Galaxy 7 Laufschuh,Running,8 Farben,Gratis Personalisierung,2025-02-10 17:48:35,https://galaxy-7-laufschuh/ID8757.html
180,Ultraboost 1.0 Laufschuh,Sportswear,7 Farben,N/A,2025-02-10 17:48:35,https://ultraboost-1.0-laufschuh/HQ4202.html
110,Samba Schuh,Originals,4 Farben,N/A,2025-02-10 17:48:35,https://samba-schuh/JP5859.html
80,Adilette,Originals,3 Farben,N/A,2025-02-10 17:48:35,https://adilette/JH8069.html
65,VL Court Bold Lifestyle Kids Schuh,Kinder Sportswear,3 Farben,N/A,2025-02-10 17:48:35,https://vl-court-bold-lifestyle-kids-schuh/JS0871.html
110,Gazelle Schuh,Originals,23 Farben,Gratis Personalisierung,2025-02-10 17:48:35,https://gazelle-schuh/IG6199.html
55,Lite Racer 4.0 Schuh,Sportswear,6 Farben,Gratis Personalisierung,2025-02-10 17:48:35,https://lite-racer-4.0-schuh/IE6132.html
23,Aqua adilette,Sportswear,18 Farben,N/A,2025-02-10 17:48:35,https://aqua-adilette/F35550.html
100,Eastrail 2.0 RAIN.RDY Wanderschuh,TERREX,3 Farben,N/A,2025-02-10 17:48:35,https://eastrail-2.0-rain.rdy-wanderschuh/IH1164.html
90,Samba OG Kids Schuh,Kinder Originals,9 Farben,Gratis Personalisierung,2025-02-10 17:48:35,https://samba-og-kids-schuh/JP5479.html
160,Crazyflight Mid Schuh,Frauen Volleyball,N/A,N/A,2025-02-10 17:48:35,https://crazyflight-mid-schuh/HP3337.html
100,SL 72 RS Schuh,Originals,18 Farben,Gratis Personalisierung,2025-02-10 17:48:35,https://sl-72-rs-schuh/JS0746.html
65,Advantage Base 2.0 Schuh,Sportswear,3 Farben,Gratis Personalisierung,2025-02-10 17:48:35,https://advantage-base-2.0-schuh/IG9183.html
130,Dropset 3 Schuh,Fitness & Training,11 Farben,N/A,2025-02-10 17:48:35,https://dropset-3-schuh/JI3901.html
23,Aqua adilette,Sportswear,18 Farben,N/A,2025-02-10 17:48:35,https://aqua-adilette/F35542.html
80,Handball Spezial Kids Schuh,Kinder Originals,6 Farben,Gratis Personalisierung,2025-02-10 17:48:35,https://handball-spezial-kids-schuh/IH8011.html
50,Grand Court 00s Kids Schuh,Kinder Sportswear,5 Farben,Gratis Personalisierung,2025-02-10 17:48:35,https://grand-court-00s-kids-schuh/JP5895.html
280,Predator Elite Fold-Over Tongue FG Fußballschuh,Fußball,8 Farben,N/A,2025-02-10 17:48:35,https://predator-elite-fold-over-tongue-fg-fussballschuh/ID8968.html
80,VL Court Bold Schuh,Frauen Sportswear,12 Farben,Gratis Personalisierung,2025-02-10 17:48:35,https://vl-court-bold-schuh/IH2310.html
60,F50 Club FG/MG Fußballschuh,Fußball,N/A,N/A,2025-02-10 17:48:35,https://f50-club-fg-mg-fussballschuh/IE1243.html
90,Samba OG Kids Schuh,Kinder Originals,9 Farben,Gratis Personalisierung,2025-02-10 17:48:35,https://samba-og-kids-schuh/IE3675.html
90,Eastrail 2.0 Wanderschuh,TERREX,3 Farben,N/A,2025-02-10 17:48:35,https://eastrail-2.0-wanderschuh/HP8606.html
80,VL Court Bold Schuh,Frauen Sportswear,12 Farben,Gratis Personalisierung,2025-02-10 17:48:35,https://vl-court-bold-schuh/JI1789.html
80,Gazelle Bold Kids Schuh,Kinder Originals,3 Farben,Gratis Personalisierung,2025-02-10 17:48:35,https://gazelle-bold-kids-schuh/JQ7408.html
130,Samba XLG Schuh,Originals,5 Farben,N/A,2025-02-10 17:48:35,https://samba-xlg-schuh/JQ7440.html
250,Adizero Adios Pro 4 Laufschuh,Männer Running,5 Farben,N/A,2025-02-10 17:48:35,https://adizero-adios-pro-4-laufschuh/JR6369.html
110,Handball Spezial Schuh,Originals,15 Farben,Gratis Personalisierung,2025-02-10 17:48:35,https://handball-spezial-schuh/JH5435.html
130,Dropset 3 Schuh,Frauen Fitness & Training,8 Farben,N/A,2025-02-10 17:48:35,https://dropset-3-schuh/JI3902.html
45,Adilette,Originals,6 Farben,N/A,2025-02-10 17:48:35,https://adilette/280647.html
100,SL 72 RS Schuh,Originals,18 Farben,Gratis Personalisierung,2025-02-10 17:48:35,https://sl-72-rs-schuh/JS0744.html
70,Amplimove Trainer Schuh,Fitness & Training,4 Farben,N/A,2025-02-10 17:48:35,https://amplimove-trainer-schuh/IF0954.html
